source_name,eu_name
azadirachtin,Azadirachtin (Margosa extract)
imidacloprid + lambda-cyhalothrin,Cyhalothrin
copper oxychloride,Mancozeb
copper sulfate,Cymoxanil
abamectin,Abamectin (aka avermectin)
abamectin + thiamethoxam,Thiamethoxam
acetamiprid,Acetamiprid
acrinathrine,Acrinathrin
ametoctradine,Ametoctradin
bacillus thuringiensis,Bacillus thuringiensis strain RTI545
bacillus thuringiensis subsp kurstaki strain abts-351,Bacillus thuringiensis subsp. Kurstaki strain ABTS-351
chlorantraniliprole + abamectin,Chlorantraniliprole
chlorantraniliprole + lambda-cyhalothrin,Cyhalothrin
chorpyriphos + gamma cyhalothrin,Cyhalothrin
chromafenozide,Chromafenozide
cypermethrin,Permethrin
deltamethrin,Deltamethrin
dimethoate,Dimethoate
emamectin benzoate,Emamectin
etoxazole famille chimique oxazolines,Etoxazole
farnesol + nerolidol + geraniol,Geraniol
fenoxycarbe,Fenoxycarb
fenoxycarb + lufenuron,Fenuron
flufenoxuron,Flufenoxuron
gamma-cyhalothrine,Cyhalothrin
helicoverpa armigera nucleopolyhedrovirus,Helicoverpa armigera nucleopolyhedrovirus (HearNPV)
imidacloprid,Imidacloprid
imidacloprid tebuconazole,Tebuconazole
indoxacarbe,Indoxacarb
lambda-cyhalothrin,lambda-Cyhalothrin
metam,Metam (incl. -potassium and -sodium)
methiocarbe,Methiocarb (aka mercaptodimethur)
methomyl,Methomyl
phenamiphos,Fenamiphos (aka phenamiphos)
pyriproxyfene,Pyriproxyfen
pyrethrine,Pyrethrins
spinosade,Spinosad
tefluthrine,Tefluthrin
thiaclopride,Thiacloprid
thiamethoxam,Thiamethoxam
thiocyclame hydrogene oxalate,Thiocyclam
zeta-cypermethrin,Permethrin
azoxystrobine,Azoxystrobin
azoxystrobine + difenoconazole,Difenoconazole
azoxystrobin propiconazole benzovindiflupyr,Azoxystrobin
azoxystrobine + tebuconazole,Tebuconazole
boscalid,Boscalid (formerly nicobifen)
boscalid + pyraclostrobin,Pyraclostrobin
captane,Captan
carbendazime,Carbendazim
chlorothaonil,Chlorothalonil
chlorothalonil + dimethomorph,Dimethomorph
cymoxanil + metirame de zinc,Metiram
cymoxanil+ propinebe,Propineb
difenoconazole + cyflufenamid famille chimique triazoles+ amidoximes,Cyflufenamid
difenoconazole + fludioxonil + sedexane,Fludioxonil
dimethomorph + mancozebe,Dimethomorph
dimethomorph + fluazinam,Fluazinam
dimetomorphe + folpel,Dimethomorph
hiabend,Thiabendazole
famoxadone + mancozebe,Famoxadone
fenamidone + fosethyl-al,Fenamidone
fenhexamide,Fenhexamid
fluoxastrobine,Fluoxastrobin
fluopyram + trifloxystrobin,Trifloxystrobin
fluxapyroxad + pyraclostrobine,Pyraclostrobin
fosetyl al,Fosetyl
fosetyl-al,Fosetyl
fosethyl-al +fluopicolide,Fluopicolide
fosetyl al + folpel + iprovalicarbe,Iprovalicarb
hymexazole,Hymexazol
kresoxim-methyl,Kresoxim-methyl
mancozebe + benalaxyl,Benalaxyl
mandipropamide,Mandipropamid
manebe,Maneb
metalaxyl + mancozebe,Metalaxyl
metirame de zinc pyraclostrobin,Metiram
prochloraze + triticonazole,Triticonazole
propamocarbe,Propamocarb
prothioconazole + trifloxystrobin,Trifloxystrobin
pyraclostrobine metconazole,Metconazole
pyrimethanil,Pyrimethanil
pythium oligandrum,Pythium oligandrum strain M1
reynoutria sachalinensis extract de la plante renouee de sakhaline,Reynoutria sachalinensis extract
thiophanate-methyl,Thiophanate (ethyl)
zirame,Ziram
aminopyralydes + florasulam,Asulam
amidosulfuron + iodosulfuron + mefempyr diethyl,Iodosulfuron
halauxifen-methyl halauxifen-methyl + pyroxsulam + cloquintocet acid,Pyroxsulam
clethodime,Clethodim
chlortoluron,Chlorotoluron
chlortoluron + isoxaben,Isoxaben
clodinafop-propargil,Clodinafop
clodinafop-propagyl + cloquintocet-2mexyl,Clodinafop
clodinafop-propargy + cloquintocet-2mexyl,Clodinafop
dicamba + 2 4 d,Dicamba
diflufenican + flufenacet + flurtamone,Flurtamone
diflufenican + metsulfuron-methyl,Metsulfuron-methyl
diquat dibromide,Diquat
fenoxaprop-p-ethyl,Fenoxaprop
fenoxaprop-p-ethyl + iodosulfuron-methyl sodium +mefenpyr diethyl,Iodosulfuron
florosulame + flumetsulame,Flumetsulam
fluazifop-p-butyl,Fluazifop
fluroxypyr ester1-methyl heptyl,Fluroxypyr
fluroxypyr + clopyralid,Clopyralid
glyphosate + oxyfluorfene,Oxyfluorfen
haloxyfop-r,Haloxyfop
iodosulfuron + mesosulfuron + mefenpyr,Mesosulfuron
mesosulfuron-methyl mesomax + iodosulfuron + mefenpyr diethyl,Mesosulfuron
mesosulfuron-methyl+ iodosulfuron-methyl + mefenpyr diethyl,Iodosulfuron
mesosulfuron-methyl+iodosulfuron methyl sodium + mefenpyr diethyl safener,Iodosulfuron
mesosulfuron-methyle propoxcarbasone-sodium mefenpyr-diethyle phytoprotecteur,Mesosulfuron
metazachlore,Metazachlor
metazachlore +quinmerac,Quinmerac
metosulame,Metosulam
metribuzine,Metribuzin
metribuzine+ clomazone,Clomazone
pendimethaline,Pendimethalin
phenmediphame + desmedipham + ethofumesate,Ethofumesate
phenmedipham + desmedopham + ethofumesate,Phenmedipham
pinoxaden + clodinafop-propargyl+ cloquintocet-mexyl,Clodinafop
propoxycarbazon sodium,Propoxycarbazone
quizalofop p-ethyl,Quizalofop
quizalofop p-tefuryl,Quizalofop
thifensulfuron-methyl + tribuneron-methyl,Thifensulfuron-methyl
tribenuron-methyl,Tribenuron (aka metometuron)
tribenuron methyl + florasulam,Tribenuron (aka metometuron)
trifluraline,Trifluralin
2 4-d acid 2-ethylhexyl ester ehe,"2,4-D"
2 4-d salt amine,"2,4-D"
2 4-d salt dimethylamine,"2,4-D"
2 4-d + mcpa,MCPA
acibenzolar-s-,Acibenzolar-S-methyl (benzothiadiazole)
methyl,Cinmethylin
alkylphenolexy-ethylene,Ethylene
chloroprophame,Propham
chlormequat-chlorure,Chlormequat
cyanamide d hydrogene,Cyanamide (H & Ca cyanamide)
dichloroprop-p,Dichlorprop-P
deltametrine + ammonium acetate + trimethylamine hcl + 1 4diaminobutane putrescine,Ammonium Acetate
-sels d ammonium et amines acetate d ammonium91 + trimethylamine hydrochloride + diaminoalcane-ferag 1d tm ddvp soit,Ammonium Acetate
formate d ethyl + co2,Ethyl formate
metaldehyde,Metaldehyde
methaldehyde,Metaldehyde
prohexadione-calcium,Prohexadione
trichoderma harzianum t-22,Trichoderma harzianum T78
trichoderma asperellum icc 012 + trichoderma gamsii icc 080,Trichoderma gamsii (formerly T. viride) strain ICC080
ammonium acetate + trimethylamine hydrochloride + esfenvalerate,Fenvalerate
polyoxyethylene amine,Ethylene
acetamiprid +,Acetamiprid
spkurstaki strain,Streptomyces strain K61 (formerly S. griseoviridis)
abts-351,Bacillus thuringiensis subsp. Kurstaki strain ABTS-351
beauveria bassiana strain,Beauveria bassiana strain 203
r444,Beauveria bassiana strain R444
atcc 74040,Beauveria bassiana strain ATCC 74040
+acibenzolar-s-methyl,Acibenzolar-S-methyl (benzothiadiazole)
flonicamid,Flonicamid (IKI-220)
eopolyhedrovirus,Helicoverpa armigera nucleopolyhedrovirus (HearNPV)
imidacloprid + lambda-,lambda-Cyhalothrin
cyhalothrine,Cyhalothrin
pyriproxyfen,Pyriproxyfen
tetradecadien-1-yl,"(E,Z)-8,10-Tetradecadien-1-yl"
ametoctradin+,Ametoctradin
aureobasidium pullulans,Aureobasidium pullulans (strains DSM 14940 and DSM 14941)
+mefenoxam metalaxyl-,Metalaxyl
azoxystrobine+propicon,Propiconazole
azole,Etoxazole
bacillus,Bacillus sphaericus
amyloliquefaciens,Bacillus amyloliquefaciens AH2
amyloliquefaciens strain,Bacillus amyloliquefaciens strain FZB42
fzb24,Bacillus amyloliquefaciens strain FZB24
bacillus subtilis strain,Bacillus subtilis strain RTI477
iab bs03,Bacillus subtilis strain IAB/BS03
cinnamomum,Cinnamomum cassia oil
aldehyde,Metaldehyde
+metalaxyl m,Metalaxyl
cymoxanil + metirame,Metiram
cymoxanil+ zoxamid,Zoxamide
+picoxystrobine,Picoxystrobin
dinocap meptyl +,Dinocap
+pyrachlostrobin,Pyraclostrobin
oxad xemium,Oxadixyl
fenpropidine,Fenpropidin
fenpropimorphe +,Fenpropimorph
hydrochloride,Chitosan hydrochloride
folpet+ fosethyl-al,Folpet
fosetyl aluminium,Fosetyl
oil essentielle d orange,Orange oil
imidacloprid+tebuconaz,Tebuconazole
ole,Olein
mancozebe +valifenalate,Valifenalate (formerly Valiphenal)
manipropamide,Mandipropamid
+fluxapyroxade,Fluxapyroxad
+ sedaxane 49 98,Sedaxane
al,Naled
+benzovindiflupyr sola,Benzovindiflupyr
pyraclostrobine+epoxicon,Epoxiconazole
reynoutria,Reynoutria sachalinensis extract
spiroxamine +difeconazole,Spiroxamine
thiophanate ethyl +,Thiophanate (ethyl)
trichoderma atroviride,Trichoderma atroviride 77B
77b,Trichoderma atroviride 77B
2 4-d acid 2-ethylhexyl,"2,4-D"
ester,"2,5-Dichlorobenzoic acid methylester"
2 4-d salt,"2,4-D"
forasulam +,Asulam
dicamba-salt,Dicamba
diflufenican ou,Diflufenican
diflufenicanil,Diflufenican
dimethenamid-,Dimethenamid
p+metazachlor,Metazachlor
ethamet sulfuron,Ethametsulfuron-methyl
2 4-d-ethylhexyl +,"2,4-D"
sodium +mefenpyr,Asulam sodium
fluroxypyr ester1-,Fluroxypyr
glufosinate d aluminium,Glufosinate
mesosulfuron-,Mesosulfuron
methyl+iodosulfuron-,Iodosulfuron
mesosulfuron-methyle,Mesosulfuron
bensulfuron-methyl,Bensulfuron
metrobromuron,Metobromuron
+clomazon,Clomazone
pinoxaden +clodinafop-,Clodinafop
propargyl+florasulam+clo,Picloram
prosulfocarb +s-,COS-OGA
triflusulfuron methyl,Triflusulfuron (formerly Triflusulfuron-methyl)
triallate,Tri-allate
florasulame,Asulam
capsaicine +ally,Allyl alcohol
isothiocyanate,Methyl isothiocyanate
deltametrine+acetate,Fentin acetate
d ammonium+trimethylam,Trimethylamine hydrochloride
ine hcl+1 4diaminobutane,Aviglycine HCL
acetate e z-,"(E,Z)-9-dodecen-1-yl acetate; (E,Z)-9-Dodecen-1-ol; (Z)-11-Tetradecen-1-yl acetate"
formate,Ethyl formate
pure,Purpureocillium lilacinum PL 11
trichoderma harzianum t-,Trichoderma harzianum T78
d ammonium +trimethyla,Trimethylamine hydrochloride
mine hydrochloride +,Trimethylamine hydrochloride
base d esfenvalerate,Fenvalerate
2acetamide,Fluoroacetamide
beauveria bassiana strain atcc,Beauveria bassiana strain ATCC 74040
cyantraniliprole +acibenzolar-s-methyl,Cyantraniliprole
e z z-3 8 11-tetradecadien-1-yl acetate e z-3 8 tetradecad ien-1-yl acetate,"(E,Z,Z)-3,8,11-Tetradecatrien-1-yl acetate (SCLP Acetates)"
helicoverpaarmigeranucleopolyhedr ovirus,Helicoverpa armigera nucleopolyhedrovirus (HearNPV)
hexythiazox +abamectin,Hexythiazox
aureobasidium pullulans dsm 14940 et aureobasidium pullulans dsm 14941,Aureobasidium pullulans (strains DSM 14940 and DSM 14941)
bacillus amyloliquefaciens qst713scmin,Bacillus amyloliquefaciens AH2
bacillus amyloliquefaciens strain fzb24,Bacillus amyloliquefaciens strain FZB24
bacillus subtilis strain iab bs03,Bacillus subtilis strain IAB/BS03
cymoxanil + metirame de,Metiram
zinc,Zinc phosphide
cymoxanil +famoxad one,Famoxadone
dithianon +pyrachlostrobin,Dithianon
fluoxastrobine + propamocarb hydrochloride,Propamocarb
oil essentielle d orange douce,Orange oil
mefentrifluconazole +fluxapyroxade,Mefentrifluconazole
metalaxyl-m +fludioxinil + sedaxane,Sedaxane
trichoderma asperellum icc012 +trichoderma gamsii icc080,Trichoderma gamsii (formerly T. viride) strain ICC080
trichoderma asperellum strain,Trichoderma asperellum strain T34
chlorotoluron +pendimeyhalin+ diflufenican,Chlorotoluron
dicamba-salt dimethylamine dma,Dicamba
dimethenamid-p+metazachlor +quinmerac,Dimethenamid
halauxifen-methyl +aminopyralid +cloquintocet mexyl,Aminopyralid
ammonium acetate +trimethylamine hydrochloride + killdisc esfenvalerate,Fenvalerate
chlorprophame,Propham
m alathion,Malathion
a bamectine +spinosad,Spinosad
a lphacypermethrine,Permethrin
bacillus thuringiensis kurstaki,Bacillus thuringiensis subsp. Kurstaki strain SA 11
beauveriabassianastrain r444,Beauveria bassiana strain R444
cyantranil iprole,Cyantraniliprole
emamectine benzoate,Emamectin
fenazaquin,Fenazaquin
fluxametamide,Metam (incl. -potassium and -sodium)
drovirus,Helicoverpa armigera nucleopolyhedrovirus (HearNPV)
oil d essence d orange,Orange oil
i ndoxacarb,Indoxacarb
natural pyrethrin,Pyrethrins
pyrethrines,Pyrethrins
s pirotetramat,Spirotetramat
aureobasidiumpullulans dsm 14940 et aureobasidiumpullulans dsm 14941,Aureobasidium pullulans (strains DSM 14940 and DSM 14941)
bacillus amyloliquefaciens,Bacillus amyloliquefaciens AH2
fluopicolide + propamocarbhydrochloride,Propamocarb
kreoxim-methyl,Kresoxim-methyl
reynoutriasachalinensis extrai t de la plante renouee de sakhaline,Reynoutria sachalinensis extract
s piroxamine +difeconazole,Spiroxamine
trichoderma asperellum strain kd dsm32800,Trichoderma asperellum strain T34
trichodermaatroviride 77b,Trichoderma atroviride 77B
ethametsulfuron methyl,Ethametsulfuron-methyl
p yroxsulam,Pyroxsulam
triflusulfuronmethyl,Triflusulfuron (formerly Triflusulfuron-methyl)
tribenuronmethyl +,Tribenuron (aka metometuron)
garlicextract,Garlic extract
fluazaindolzine,Fluazaindolizine
yl acetate,Dodecyl acetate (SCLP Acetates)
ien-1-yl acetate,"(Z,Z)-Octadien-1-yl acetate"
acetamiprid + emamectin,Emamectin
benzoate,Denathonium benzoate
beauveria bassiana strain ppri,Beauveria bassiana strain PPRI 5339
pyridabene,Pyridaben
pyriproxyfen + spirotetramate,Spirotetramat
sesame oil + clove oil +,Plant oils / Clove oil
sunflower oil horseradish oil,Sunflower oil
spirodiclofene,Spirodiclofen
ammonium,Ammonium Acetate
2 4-d 2-ethylhexyl ester +,"2,4-D"
2 4-db,"2,4-D"
2 4-d dma,"2,4-D"
aclonifen +diflufenican +flufenacet,Aclonifen
florasulam +iodosulfuron-methyl-sodium +diflufenican,Iodosulfuron
fluroxypyr--methylheptyl ester +florasulam,Fluroxypyr
metrib,Metribuzin
+ fluroxypyr-meptyl+,Fluroxypyr
ammonium acetate +trimethylaminehydrochloride + diaminubutane +killdisc esfenvalerate,Trimethylamine hydrochloride
splinpv spodoptera littoralis nucleopolyhedrovirus,Spodoptera littoralis nucleopolyhedrovirus (SpliNPV)
metalaxyl m,Metalaxyl
picoxystrobine,Picoxystrobin
dimethomorph,Dimethomorph
dimoxystrobine,Dimoxystrobin
fenpropimorphe,Fenpropimorph
trifloxystrobin,Trifloxystrobin
pyraclostrobine,Pyraclostrobin
iprovalicarbe,Iprovalicarb
prochloraze,Prochloraz
flumetsulame,Flumetsulam
oxyfluorfene,Oxyfluorfen
phenmediphame,Phenmedipham
1 4-diaminobutane putrescine,"Putrescine (1,4-Diaminobutane)"
formate d ethyl,Ethyl formate
pyrachlostrobin,Pyraclostrobin
fluxapyroxade,Fluxapyroxad
benzovindiflupyr sola,Benzovindiflupyr
forasulam,Florasulam
iodosulfuron-,Iodosulfuron
clodinafop-,Clodinafop
bacillus thuringiensis spkurstaki strain abts-351,Bacillus thuringiensis subsp. Kurstaki strain ABTS-351
famoxad one,Famoxadone
chlorantranliprole,Chlorantraniliprole
s piroxamine,Spiroxamine
spirotetramate,Spirotetramat
trimethylaminehydrochloride,Trimethylamine hydrochloride
